,target,client_id,poutcome
0,458110879,458110879,1
1,1951922656,1951922656,1
2,618893370,618893370,1
3,1441287851,1441287851,1
4,458435302,458435302,1
5,1153128148,1153128148,1
6,1070950756,1070950756,1
7,1018892774,1018892774,0
8,1030202609,1030202609,1
9,794022898,794022898,0
10,750525215,750525215,1
11,1698582204,1698582204,0
12,100646594,100646594,1
13,1617864948,1617864948,0
14,1852631292,1852631292,0
15,1866629429,1866629429,0
16,667293473,667293473,1
17,393510702,393510702,0
18,1109522163,1109522163,1
19,1718233087,1718233087,0
20,1627910488,1627910488,0
21,1166226955,1166226955,1
22,1285603128,1285603128,0
23,1226229231,1226229231,1
24,1158208655,1158208655,0
25,514023154,514023154,0
26,1094807734,1094807734,1
27,674391373,674391373,0
28,1989180463,1989180463,0
29,1921663862,1921663862,1
30,1907152369,1907152369,0
31,1239608796,1239608796,0
32,415300718,415300718,0
33,1018647528,1018647528,0
34,1441854729,1441854729,0
35,838429696,838429696,1
36,1494666538,1494666538,0
37,629582497,629582497,0
38,1738177450,1738177450,0
39,789282672,789282672,0
40,368012444,368012444,0
41,1160693504,1160693504,0
42,1035231241,1035231241,0
43,175712371,175712371,1
44,104942363,104942363,0
45,101831034,101831034,1
46,1995994246,1995994246,0
47,104199693,104199693,0
48,106360835,106360835,0
49,100982190,100982190,0
50,103278285,103278285,0
51,105735903,105735903,0
52,104736684,104736684,0
53,592127331,592127331,0
54,103459347,103459347,0
55,924772701,924772701,1
56,377962581,377962581,0
57,364189396,364189396,1
58,445025023,445025023,1
59,583226847,583226847,0
60,1128962236,1128962236,0
61,170234727,170234727,1
62,105818842,105818842,0
63,101341389,101341389,0
64,957529019,957529019,0
65,1174254857,1174254857,1
66,501158383,501158383,1
67,192509581,192509581,0
68,733275692,733275692,1
69,1939446661,1939446661,1
70,1637743138,1637743138,0
71,105414442,105414442,0
72,1398048775,1398048775,1
73,1611499123,1611499123,0
74,153218409,153218409,1
75,736496687,736496687,1
76,688427385,688427385,1
77,1763828751,1763828751,0
78,106451629,106451629,0
79,1041657618,1041657618,0
80,102376256,102376256,0
81,709385038,709385038,1
82,1806023880,1806023880,0
83,1996128707,1996128707,0
84,1845030290,1845030290,0
85,1607981513,1607981513,0
86,101209310,101209310,0
87,1348927337,1348927337,0
88,1794013350,1794013350,1
89,1205876871,1205876871,0
90,1402608481,1402608481,1
91,100741497,100741497,0
92,1996391799,1996391799,0
93,714088956,714088956,0
94,1765020190,1765020190,0
95,1899267232,1899267232,0
96,812384993,812384993,1
97,103634742,103634742,0
98,107394598,107394598,0
99,102763302,102763302,0
100,1745698405,1745698405,0
101,241025095,241025095,1
102,106281698,106281698,0
103,684390477,684390477,0
104,104729572,104729572,0
105,100757123,100757123,0
106,103751194,103751194,0
107,1689888632,1689888632,1
108,261805829,261805829,1
109,838603550,838603550,0
110,105887443,105887443,0
111,1673212444,1673212444,1
112,318937481,318937481,1
113,360269900,360269900,1
114,1137273203,1137273203,1
115,496518478,496518478,0
116,696037840,696037840,1
117,371690729,371690729,0
118,798556559,798556559,1
119,348656248,348656248,0
120,1996539322,1996539322,0
121,831515662,831515662,1
122,757957051,757957051,1
123,510196091,510196091,1
124,1950549366,1950549366,1
125,735151623,735151623,0
126,1541066421,1541066421,1
127,365752105,365752105,1
128,707133965,707133965,1
129,325725616,325725616,1
130,1361629761,1361629761,1
131,1177854254,1177854254,1
132,771190458,771190458,0
133,639588999,639588999,0
134,1174814440,1174814440,0
135,385636020,385636020,0
136,392540887,392540887,1
137,389719146,389719146,1
138,141547777,141547777,1
139,999736774,999736774,0
140,1074508129,1074508129,1
141,212031855,212031855,0
142,1736301874,1736301874,1
143,754138276,754138276,0
144,428390753,428390753,0
145,565547512,565547512,0
146,364521796,364521796,1
147,428297049,428297049,0
148,1779457377,1779457377,1
149,347072526,347072526,0
150,895578480,895578480,1
151,1479692478,1479692478,1
152,404167299,404167299,0
153,842748398,842748398,0
154,371344552,371344552,0
155,1521788907,1521788907,0
156,860527489,860527489,0
157,766145762,766145762,0
158,316874747,316874747,1
159,630363626,630363626,0
160,409747016,409747016,0
161,408444952,408444952,0
162,1240048663,1240048663,0
163,370996091,370996091,0
164,1233017914,1233017914,0
165,1839654623,1839654623,0
166,477336722,477336722,0
167,1640998594,1640998594,1
168,1539343067,1539343067,1
169,813331091,813331091,0
170,1459261994,1459261994,0
171,1877067751,1877067751,1
172,451524928,451524928,1
173,418502066,418502066,0
174,451042694,451042694,0
175,430068998,430068998,1
176,323111233,323111233,0
177,888940664,888940664,1
178,125571081,125571081,0
179,1118728878,1118728878,1
180,1118138239,1118138239,0
181,951282020,951282020,1
182,520573111,520573111,1
183,1962864116,1962864116,1
184,861423671,861423671,0
185,1297439756,1297439756,1
186,936648573,936648573,1
187,1589909388,1589909388,1
188,1387985175,1387985175,0
189,224467557,224467557,0
190,474719191,474719191,0
191,619418291,619418291,1
192,767711021,767711021,1
193,608042516,608042516,1
194,491903018,491903018,1
195,1082670712,1082670712,1
196,1138141986,1138141986,0
197,1326634322,1326634322,0
198,725540864,725540864,0
199,1263025318,1263025318,1
200,1435440420,1435440420,1
201,417583893,417583893,0
202,309910642,309910642,0
203,1250882667,1250882667,1
204,1055106939,1055106939,1
205,1029570077,1029570077,1
206,1288585447,1288585447,1
207,1244278056,1244278056,0
208,564485949,564485949,0
209,550318872,550318872,1
210,1178763771,1178763771,1
211,1708559033,1708559033,0
212,421453716,421453716,1
213,688245272,688245272,0
214,770080616,770080616,1
215,588816964,588816964,1
216,696771591,696771591,0
217,1627076302,1627076302,0
218,917042133,917042133,1
219,1249850747,1249850747,0
220,1267945085,1267945085,1
221,231743125,231743125,1
222,163740344,163740344,0
223,1369448242,1369448242,0
224,863037351,863037351,0
225,189245625,189245625,0
226,1719103788,1719103788,0
227,429489966,429489966,1
228,1579594763,1579594763,1
229,1483993482,1483993482,1
230,1439123346,1439123346,0
231,205152107,205152107,0
232,1559653162,1559653162,1
233,961508228,961508228,1
234,1257066964,1257066964,1
235,1596777398,1596777398,1
236,1571563184,1571563184,0
237,937765785,937765785,1
238,1174377874,1174377874,0
239,1180838322,1180838322,0
240,1109714243,1109714243,0
241,1169741040,1169741040,1
242,1346518081,1346518081,1
243,1625757708,1625757708,1
244,1031373895,1031373895,1
245,1144671823,1144671823,0
246,673670244,673670244,0
247,1273157667,1273157667,1
248,501180711,501180711,1
249,779435890,779435890,1
250,1710197841,1710197841,1
251,582582099,582582099,0
252,616982161,616982161,0
253,362777191,362777191,1
254,127701758,127701758,1
255,499154848,499154848,0
256,419991749,419991749,0
257,317742767,317742767,1
258,358390785,358390785,0
259,1754150044,1754150044,1
260,1968578339,1968578339,1
261,1937627253,1937627253,0
262,1567968004,1567968004,1
263,941834245,941834245,1
264,1796285497,1796285497,1
265,300665285,300665285,0
266,1519904965,1519904965,0
267,1480496887,1480496887,0
268,474987680,474987680,0
269,757363825,757363825,1
270,705599412,705599412,1
271,601704380,601704380,1
272,1735338314,1735338314,0
273,976095390,976095390,1
274,758051649,758051649,1
275,814696185,814696185,1
276,1386318408,1386318408,1
277,1572447873,1572447873,0
278,718442678,718442678,0
279,802475211,802475211,1
280,452975780,452975780,0
281,839956362,839956362,1
282,618295222,618295222,0
283,1674968762,1674968762,1
284,1932742479,1932742479,1
285,481737900,481737900,0
286,740966847,740966847,0
287,375142488,375142488,1
288,421742065,421742065,0
289,156572807,156572807,0
290,404019143,404019143,0
291,1304568718,1304568718,0
292,452147765,452147765,0
293,1148857489,1148857489,1
294,280250724,280250724,1
295,1116770020,1116770020,1
296,601669508,601669508,1
297,348685237,348685237,1
298,1667482240,1667482240,1
299,1667754785,1667754785,0
300,1395592150,1395592150,1
301,1805238918,1805238918,1
302,330384389,330384389,1
303,253039730,253039730,0
304,486679841,486679841,1
305,1288240944,1288240944,1
306,362775263,362775263,1
307,876412407,876412407,0
308,1700443779,1700443779,1
309,883834663,883834663,1
310,1095315486,1095315486,1
311,1645044636,1645044636,1
312,1944180870,1944180870,0
313,573941050,573941050,0
314,859246603,859246603,0
315,807322905,807322905,0
316,713299407,713299407,1
317,857248685,857248685,0
318,811435343,811435343,1
319,610985656,610985656,0
320,397019463,397019463,1
321,1605305026,1605305026,0
322,1574107541,1574107541,1
323,1210272453,1210272453,0
324,809349410,809349410,0
325,1046291078,1046291078,0
326,253501998,253501998,1
327,438454795,438454795,0
328,1492763914,1492763914,0
329,1448827860,1448827860,1
330,145257579,145257579,1
331,1004068944,1004068944,0
332,416317592,416317592,1
333,226891873,226891873,1
334,168504555,168504555,1
335,1756174783,1756174783,1
336,1665149165,1665149165,0
337,291874222,291874222,1
338,1896385648,1896385648,0
339,1194043945,1194043945,0
340,1716242676,1716242676,1
341,506277747,506277747,0
342,642488358,642488358,0
343,700553486,700553486,1
344,462926070,462926070,0
345,441226757,441226757,1
346,421619389,421619389,0
347,1093047469,1093047469,0
348,369033247,369033247,1
349,363355155,363355155,0
350,1304556181,1304556181,0
351,1874953275,1874953275,0
352,724198665,724198665,1
353,701467722,701467722,0
354,340240751,340240751,1
355,452639218,452639218,0
356,330769537,330769537,1
357,1022771762,1022771762,0
358,1637935708,1637935708,1
359,689734547,689734547,1
360,800162528,800162528,1
361,586732672,586732672,1
362,1940869832,1940869832,0
363,1123517276,1123517276,1
364,1408815208,1408815208,1
365,1559911761,1559911761,0
366,963853206,963853206,0
367,1606461268,1606461268,1
368,998420719,998420719,0
369,1483008819,1483008819,0
370,1271522503,1271522503,1
371,1315859369,1315859369,0
372,505363107,505363107,1
373,1104718104,1104718104,0
374,1111343983,1111343983,1
375,317254728,317254728,0
376,404527866,404527866,0
377,440859503,440859503,1
378,404620103,404620103,1
379,322743852,322743852,0
380,1728741874,1728741874,1
381,1676611366,1676611366,0
382,1704183171,1704183171,1
383,798486882,798486882,1
384,1931335965,1931335965,0
385,291716551,291716551,1
386,287733417,287733417,0
387,901845903,901845903,1
388,680987419,680987419,1
389,1423322915,1423322915,1
390,1287117991,1287117991,1
391,1765867299,1765867299,1
392,310061302,310061302,1
393,772486838,772486838,1
394,486389281,486389281,1
395,345578568,345578568,1
396,1489763124,1489763124,0
397,277245737,277245737,1
398,119858616,119858616,1
399,1496912366,1496912366,1
400,741253883,741253883,0
401,586493332,586493332,0
402,494739354,494739354,1
403,682614324,682614324,0
404,504574643,504574643,1
405,614572515,614572515,0
406,640684449,640684449,1
407,517288930,517288930,1
408,646066270,646066270,1
409,1295398445,1295398445,1
410,1436904182,1436904182,0
411,1535417695,1535417695,1
412,512301228,512301228,0
413,734858258,734858258,0
414,851511960,851511960,0
415,629168765,629168765,1
416,776511350,776511350,1
417,1325217363,1325217363,1
418,1652702052,1652702052,0
419,1618913164,1618913164,0
420,914928618,914928618,0
421,1563496424,1563496424,0
422,890778137,890778137,1
423,1073491092,1073491092,1
424,1330255613,1330255613,0
425,655591949,655591949,1
426,187763544,187763544,0
427,823759627,823759627,1
428,245679959,245679959,1
429,235616138,235616138,0
430,354784342,354784342,1
431,409784376,409784376,1
432,346347064,346347064,0
433,1687099232,1687099232,1
434,1020679122,1020679122,1
435,384125681,384125681,1
436,641972550,641972550,1
437,1700046802,1700046802,1
438,194820011,194820011,1
439,449924434,449924434,0
440,432470496,432470496,1
441,1150485461,1150485461,1
442,1954169577,1954169577,0
443,289224646,289224646,1
444,1475721927,1475721927,0
445,1507719431,1507719431,1
446,1112741786,1112741786,0
447,518317611,518317611,1
448,803155681,803155681,1
449,1418423877,1418423877,1
450,1917138376,1917138376,0
451,328624180,328624180,0
452,348083357,348083357,1
453,437747295,437747295,1
454,1522222123,1522222123,1
455,1941363966,1941363966,0
456,403362104,403362104,1
457,1064648124,1064648124,0
458,691852433,691852433,1
459,522025687,522025687,1
460,693889653,693889653,0
461,756825525,756825525,1
462,544750143,544750143,0
463,595070023,595070023,0
464,777124281,777124281,1
465,574291175,574291175,0
466,969611902,969611902,0
467,1534347879,1534347879,1
468,1565019050,1565019050,1
469,1233681880,1233681880,1
470,1106700797,1106700797,1
471,1076405454,1076405454,0
472,961345006,961345006,0
473,1659251268,1659251268,1
474,1279948782,1279948782,1
475,1394146233,1394146233,1
476,1268806469,1268806469,0
477,531218152,531218152,0
478,709708961,709708961,1
479,975467198,975467198,0
480,452061612,452061612,0
481,639823279,639823279,0
482,406950234,406950234,0
483,533629817,533629817,0
484,1681635894,1681635894,1
485,398353491,398353491,0
486,381250137,381250137,1
487,505967509,505967509,0
488,1755845793,1755845793,1
489,1705948953,1705948953,1
490,466118961,466118961,1
491,1525404578,1525404578,1
492,1521218902,1521218902,1
493,1960788782,1960788782,0
494,1855487062,1855487062,0
495,397018292,397018292,0
496,1497685502,1497685502,1
497,390334330,390334330,1
498,1303181958,1303181958,0
499,1354074957,1354074957,1
500,137424454,137424454,0
501,437454112,437454112,1
502,319214017,319214017,0
503,150652260,150652260,1
504,178674476,178674476,0
505,452114759,452114759,1
506,380289733,380289733,1
507,378526534,378526534,1
508,840506206,840506206,1
509,851589674,851589674,1
510,792937325,792937325,0
511,504334747,504334747,1
512,1190181896,1190181896,0
513,943098965,943098965,1
514,1528120313,1528120313,0
515,1461096870,1461096870,1
516,1456911011,1456911011,0
517,813561398,813561398,1
518,1969751676,1969751676,1
519,655214361,655214361,1
520,1610109463,1610109463,1
521,1641594476,1641594476,0
522,616525829,616525829,0
523,1457722003,1457722003,1
524,473976433,473976433,0
525,406948368,406948368,0
526,1272061980,1272061980,0
527,326909620,326909620,0
528,1957993414,1957993414,0
529,1951568199,1951568199,0
530,1843975327,1843975327,0
531,1956653613,1956653613,1
532,708404925,708404925,0
533,1945303845,1945303845,1
534,1602042448,1602042448,1
535,1557295007,1557295007,1
536,719308905,719308905,1
537,1037290582,1037290582,1
538,1663485904,1663485904,1
539,1612400954,1612400954,0
540,1232399070,1232399070,1
541,1868672023,1868672023,1
542,905235245,905235245,0
543,1347024182,1347024182,0
544,508121650,508121650,0
545,796156697,796156697,1
546,782510562,782510562,1
547,313987627,313987627,0
548,1747620857,1747620857,1
549,324075456,324075456,0
550,356709531,356709531,1
551,1523617943,1523617943,1
552,1402085184,1402085184,0
553,401102881,401102881,0
554,1496551732,1496551732,0
555,1543414659,1543414659,0
556,1602811339,1602811339,1
557,333811838,333811838,1
558,228863041,228863041,1
559,961208929,961208929,0
560,1197941129,1197941129,1
561,1962232427,1962232427,0
562,824417332,824417332,0
563,1500576648,1500576648,1
564,1340303880,1340303880,0
565,1257909918,1257909918,1
566,1311306634,1311306634,0
567,846346344,846346344,0
568,202169286,202169286,1
569,1437855551,1437855551,0
570,1413966902,1413966902,0
571,201540179,201540179,0
572,708455701,708455701,0
573,404356036,404356036,1
574,416087867,416087867,1
575,1955245328,1955245328,0
576,1965232631,1965232631,0
577,1947817261,1947817261,1
578,1814788493,1814788493,0
579,225593766,225593766,0
580,1159026952,1159026952,1
581,373357791,373357791,0
582,1625196234,1625196234,0
583,1247578271,1247578271,0
584,1789504162,1789504162,1
585,705987846,705987846,0
586,1520995654,1520995654,0
587,701872117,701872117,1
588,443554804,443554804,0
589,1140161197,1140161197,0
590,1119169528,1119169528,0
591,1103675782,1103675782,1
592,302392029,302392029,0
593,560360103,560360103,0
594,650457188,650457188,1
595,254016465,254016465,0
596,433952716,433952716,0
597,1252470470,1252470470,0
598,1293597874,1293597874,1
599,1465180373,1465180373,0
600,363585691,363585691,0
601,1577439290,1577439290,0
602,1554575705,1554575705,1
603,1046445202,1046445202,0
604,1327681987,1327681987,1
605,1314808311,1314808311,0
606,382565716,382565716,0
607,1230650948,1230650948,1
608,1957100494,1957100494,1
609,1432428784,1432428784,0
610,1434963452,1434963452,0
611,1399345348,1399345348,1
612,194218880,194218880,1
613,1525067047,1525067047,0
614,719896755,719896755,0
615,815943127,815943127,1
616,566380539,566380539,0
617,358781531,358781531,0
618,832463529,832463529,1
619,395125305,395125305,1
620,457748401,457748401,1
621,558270578,558270578,0
622,306314829,306314829,1
623,473809622,473809622,0
624,1807993103,1807993103,1
625,397233086,397233086,1
626,378648160,378648160,1
627,453957987,453957987,0
628,649981170,649981170,1
629,1959314559,1959314559,0
630,1651162936,1651162936,0
631,1527887006,1527887006,1
632,1020541064,1020541064,1
633,954908978,954908978,0
634,1577038624,1577038624,0
635,1641911853,1641911853,1
636,1615496225,1615496225,1
637,1579835840,1579835840,1
638,1646803474,1646803474,0
639,1575475598,1575475598,0
640,679717200,679717200,0
641,784586229,784586229,1
642,650934106,650934106,0
643,644228907,644228907,0
644,545331802,545331802,1
645,632142405,632142405,1
646,711202795,711202795,0
647,508892655,508892655,0
648,649870852,649870852,0
649,1026628197,1026628197,1
650,1171625174,1171625174,1
651,1128618465,1128618465,0
652,1273484391,1273484391,0
653,541400833,541400833,1
654,535662016,535662016,1
655,684329449,684329449,1
656,654589378,654589378,1
657,523783148,523783148,1
658,1433016319,1433016319,1
659,1350790551,1350790551,1
660,1207494801,1207494801,0
661,922666028,922666028,1
662,1219693230,1219693230,0
663,190810937,190810937,0
664,222611900,222611900,0
665,237983379,237983379,0
666,464593142,464593142,1
667,513808882,513808882,1
668,719057641,719057641,1
669,830358891,830358891,1
670,599883538,599883538,1
671,694460789,694460789,1
672,1918955122,1918955122,1
673,1381956309,1381956309,1
674,1073090603,1073090603,0
675,1218936035,1218936035,0
676,142608976,142608976,0
677,204189694,204189694,1
678,353590262,353590262,1
679,256673432,256673432,0
680,255033469,255033469,0
681,1729044375,1729044375,0
682,1312493715,1312493715,1
683,1905538075,1905538075,0
684,193312901,193312901,1
685,212064728,212064728,1
686,757163506,757163506,0
687,1514483008,1514483008,0
688,1065820126,1065820126,1
689,466570932,466570932,0
690,152566820,152566820,1
691,738853320,738853320,1
692,668935208,668935208,1
693,1299145426,1299145426,0
694,771546003,771546003,0
695,137826860,137826860,0
696,321441145,321441145,1
697,358593959,358593959,1
698,1382818573,1382818573,0
699,205818725,205818725,0
700,792650066,792650066,0
701,594396355,594396355,1
702,622024808,622024808,0
703,841001679,841001679,0
704,652418118,652418118,0
705,637388011,637388011,1
706,1779734489,1779734489,1
707,1671965055,1671965055,1
708,1036425411,1036425411,1
709,1722524845,1722524845,1
710,1938356936,1938356936,1
711,1488224453,1488224453,1
712,509373383,509373383,0
713,1131104534,1131104534,0
714,474757201,474757201,1
715,1292568330,1292568330,1
716,1377406947,1377406947,1
717,1246747636,1246747636,1
718,235998770,235998770,0
719,1644049580,1644049580,0
720,1516126670,1516126670,0
721,1516675445,1516675445,0
722,440675890,440675890,0
723,349604368,349604368,1
724,398769866,398769866,0
725,320868527,320868527,1
726,1428529541,1428529541,0
727,876494830,876494830,0
728,224590800,224590800,1
729,646016313,646016313,1
730,1575558594,1575558594,0
731,1590843136,1590843136,1
732,1566045343,1566045343,0
733,968472071,968472071,1
734,824555684,824555684,1
735,493461691,493461691,0
736,786844109,786844109,1
737,806808449,806808449,0
738,1316556669,1316556669,0
739,990826120,990826120,0
740,1235191862,1235191862,0
741,1059731257,1059731257,1
742,1341133125,1341133125,1
743,1356962413,1356962413,1
744,840670372,840670372,1
745,615435272,615435272,1
746,598477107,598477107,1
747,551004301,551004301,0
748,720879347,720879347,0
749,593600039,593600039,0
750,621237310,621237310,1
751,706507449,706507449,1
752,768282110,768282110,0
753,1331254056,1331254056,1
754,540168241,540168241,0
755,891530983,891530983,0
756,1147957688,1147957688,1
757,808552800,808552800,1
758,721102263,721102263,1
759,746002219,746002219,0
760,766789712,766789712,1
761,1196061262,1196061262,0
762,464564358,464564358,1
763,579872918,579872918,1
764,811391734,811391734,1
765,672924090,672924090,0
766,599696035,599696035,0
767,682353894,682353894,1
768,502725646,502725646,0
769,715273577,715273577,1
770,650335887,650335887,0
771,710187800,710187800,1
772,1289673386,1289673386,1
773,975522522,975522522,0
774,932756569,932756569,0
775,1969547248,1969547248,0
776,1923254340,1923254340,0
777,150300623,150300623,0
778,238510531,238510531,1
779,1825655779,1825655779,0
780,1723393416,1723393416,0
781,108094932,108094932,1
782,1637779626,1637779626,1
783,1833596793,1833596793,0
784,1922654231,1922654231,0
785,946112756,946112756,0
786,1622843398,1622843398,0
787,1734870496,1734870496,1
788,1568805517,1568805517,0
789,1576691062,1576691062,1
790,560680376,560680376,0
791,952124635,952124635,0
792,1063487569,1063487569,1
793,1291100796,1291100796,0
794,1343850830,1343850830,0
795,424834868,424834868,0
796,388835118,388835118,0
797,306020988,306020988,0
798,932753650,932753650,1
799,307835576,307835576,0
800,488676372,488676372,0
801,708319185,708319185,0
802,853446759,853446759,1
803,861264664,861264664,0
804,754828045,754828045,1
805,348036346,348036346,1
806,412236864,412236864,1
807,1968263874,1968263874,1
808,180120076,180120076,1
809,437541928,437541928,0
810,1669539327,1669539327,0
811,1952947866,1952947866,0
812,1918170745,1918170745,0
813,1705488029,1705488029,0
814,369939191,369939191,1
815,1829559720,1829559720,0
816,1503387274,1503387274,1
817,1671061556,1671061556,1
818,336672169,336672169,0
819,1734798287,1734798287,1
820,1711775556,1711775556,0
821,1913834810,1913834810,0
822,1508013425,1508013425,0
823,1791766817,1791766817,1
824,278978041,278978041,1
825,1524305515,1524305515,1
826,1599830219,1599830219,1
827,835000489,835000489,1
828,1610015186,1610015186,0
829,554938328,554938328,1
830,221008979,221008979,1
831,195914877,195914877,0
832,391488142,391488142,0
833,1820963374,1820963374,0
834,704160785,704160785,1
835,1053434038,1053434038,1
836,1211665231,1211665231,0
837,325005762,325005762,1
838,389682777,389682777,1
839,1719528898,1719528898,0
840,1588099313,1588099313,1
841,1732190443,1732190443,0
842,909851331,909851331,1
843,1172077058,1172077058,1
844,804945641,804945641,1
845,1533563484,1533563484,1
846,908120100,908120100,1
847,745936288,745936288,1
848,598597329,598597329,1
849,1740719438,1740719438,0
850,796206992,796206992,1
851,851900382,851900382,0
852,760834592,760834592,1
853,829648797,829648797,0
854,675156878,675156878,1
855,698073861,698073861,0
856,527894432,527894432,1
857,828635247,828635247,1
858,249048466,249048466,0
859,221538493,221538493,1
860,1395061153,1395061153,0
861,695824763,695824763,0
862,729076546,729076546,0
863,477986228,477986228,0
864,545381978,545381978,0
865,648111449,648111449,0
866,1802328790,1802328790,1
867,1737645892,1737645892,1
868,604977156,604977156,1
869,296804562,296804562,1
870,1716738699,1716738699,0
871,1261342172,1261342172,0
872,109113922,109113922,1
873,145913878,145913878,0
874,1513990617,1513990617,0
875,546589500,546589500,1
876,794289402,794289402,1
877,1051912879,1051912879,1
878,1018936078,1018936078,0
879,915307652,915307652,0
880,1230920241,1230920241,1
881,568114581,568114581,1
882,725328341,725328341,1
883,543071035,543071035,1
884,1182886062,1182886062,1
885,488869963,488869963,0
886,1440064523,1440064523,0
887,440189671,440189671,0
888,798320940,798320940,1
889,678316086,678316086,1
890,386682796,386682796,0
891,1821570451,1821570451,0
892,409128005,409128005,0
893,250622254,250622254,1
894,364974586,364974586,0
895,505534570,505534570,1
896,1264435621,1264435621,1
897,1460040854,1460040854,0
898,1820526539,1820526539,0
899,1660281119,1660281119,0
900,1650730146,1650730146,0
901,793403038,793403038,0
902,1653827877,1653827877,0
903,1588001343,1588001343,1
904,1016375135,1016375135,0
905,1026871255,1026871255,0
906,887093410,887093410,0
907,1135859439,1135859439,0
908,1490660020,1490660020,1
909,1476844100,1476844100,1
910,1404681469,1404681469,0
911,1266059353,1266059353,1
912,1425154499,1425154499,1
913,1299391113,1299391113,1
914,1390721716,1390721716,1
915,1511741952,1511741952,0
916,1410458415,1410458415,0
917,304836339,304836339,0
918,1085967073,1085967073,1
919,1294981963,1294981963,1
920,1293767037,1293767037,1
921,569261810,569261810,1
922,598894819,598894819,0
923,599948410,599948410,1
924,222562408,222562408,0
925,1850747672,1850747672,1
926,643061306,643061306,1
927,394505955,394505955,0
928,442569067,442569067,0
929,744693354,744693354,0
930,530399090,530399090,0
931,612364266,612364266,0
932,469855612,469855612,1
933,1799287485,1799287485,1
934,1795643720,1795643720,1
935,1968968815,1968968815,1
936,1109455133,1109455133,1
937,1649893182,1649893182,1
938,1494093660,1494093660,0
939,1968404042,1968404042,1
940,1492081257,1492081257,0
941,1940655105,1940655105,0
942,994016480,994016480,1
943,545469045,545469045,1
944,562879935,562879935,0
945,618724005,618724005,0
946,681957385,681957385,1
947,1202230626,1202230626,1
948,1944681427,1944681427,1
949,774195534,774195534,1
950,767849808,767849808,1
951,858500516,858500516,1
952,526503357,526503357,0
953,1435598618,1435598618,0
954,278504192,278504192,1
955,1377922356,1377922356,0
956,1323752958,1323752958,1
957,672657596,672657596,1
958,214884170,214884170,0
959,713840842,713840842,1
960,484177669,484177669,0
961,552267502,552267502,0
962,1823876291,1823876291,1
963,240178989,240178989,0
964,952530973,952530973,0
965,1510045531,1510045531,0
966,1511496233,1511496233,0
967,1775211954,1775211954,1
968,1795298825,1795298825,0
969,872736023,872736023,0
970,1212102708,1212102708,1
971,309577217,309577217,0
972,887694228,887694228,1
973,729927391,729927391,1
974,1475186927,1475186927,0
975,135209296,135209296,1
976,412718655,412718655,0
977,354149172,354149172,1
978,403165001,403165001,0
979,742817167,742817167,0
980,468447325,468447325,0
981,437136133,437136133,0
982,254562523,254562523,1
983,714219074,714219074,1
984,1418414278,1418414278,0
985,705063044,705063044,1
986,485315011,485315011,0
987,422084751,422084751,1
988,925040360,925040360,0
989,426766205,426766205,0
990,395095376,395095376,1
991,518004075,518004075,1
992,823126665,823126665,0
993,1586345545,1586345545,0
994,1457212219,1457212219,1
995,1628365037,1628365037,0
996,1649488712,1649488712,0
997,487328549,487328549,0
998,1656763858,1656763858,1
999,978456415,978456415,1
1000,1224237630,1224237630,1
1001,1031676893,1031676893,1
1002,459953757,459953757,1
1003,1193000324,1193000324,0
1004,1587682495,1587682495,0
1005,1041694919,1041694919,1
1006,965757485,965757485,1
1007,1069863659,1069863659,0
1008,1637419104,1637419104,0
1009,1595041014,1595041014,0
1010,1459127258,1459127258,1
1011,1330909554,1330909554,0
1012,1261641695,1261641695,1
1013,1415452990,1415452990,0
1014,1352248491,1352248491,0
1015,1166059757,1166059757,0
1016,1119506825,1119506825,1
1017,499075032,499075032,0
1018,749262689,749262689,0
1019,307011837,307011837,0
1020,307856784,307856784,0
1021,1862055493,1862055493,0
1022,1424301637,1424301637,1
1023,1376676816,1376676816,1
1024,235898696,235898696,1
1025,1332217448,1332217448,1
1026,1305045368,1305045368,0
1027,228778929,228778929,0
1028,608416068,608416068,1
1029,389643541,389643541,1
1030,761199593,761199593,1
1031,174565240,174565240,0
1032,1690916239,1690916239,0
1033,475261783,475261783,0
1034,868134194,868134194,0
1035,431184433,431184433,0
1036,619426277,619426277,0
1037,854984255,854984255,0
1038,175060445,175060445,0
1039,202627375,202627375,1
1040,1959113634,1959113634,1
1041,480467750,480467750,0
1042,1289113238,1289113238,1
1043,1763532850,1763532850,1
1044,1678436843,1678436843,0
1045,1813952353,1813952353,0
1046,1393227422,1393227422,1
1047,1654469501,1654469501,0
1048,1545780797,1545780797,1
1049,1296961584,1296961584,0
1050,1507822766,1507822766,1
1051,1471950327,1471950327,0
1052,1939659920,1939659920,1
1053,1054795282,1054795282,1
1054,110184592,110184592,1
1055,1028556547,1028556547,1
1056,1502178265,1502178265,1
1057,1472571829,1472571829,1
1058,305853345,305853345,0
1059,1362255299,1362255299,0
1060,537192570,537192570,0
1061,854103714,854103714,0
1062,1023439897,1023439897,0
1063,1208049839,1208049839,1
1064,589647015,589647015,0
1065,576044443,576044443,0
1066,827716552,827716552,0
1067,625820211,625820211,1
1068,688179531,688179531,0
1069,594303727,594303727,1
1070,998529812,998529812,1
1071,1070456076,1070456076,1
1072,300657013,300657013,1
1073,725342287,725342287,0
1074,1514510507,1514510507,1
1075,1428961376,1428961376,1
1076,925993219,925993219,0
1077,1264975707,1264975707,0
1078,1480180677,1480180677,1
1079,666486935,666486935,1
1080,568077715,568077715,0
1081,159541577,159541577,0
1082,162634147,162634147,1
1083,384354700,384354700,1
1084,332504834,332504834,0
1085,174245136,174245136,0
1086,1096968062,1096968062,0
1087,1882362413,1882362413,1
1088,1969057584,1969057584,0
1089,1823113790,1823113790,0
1090,1686016933,1686016933,1
1091,1647251891,1647251891,1
1092,1558331081,1558331081,1
1093,796762261,796762261,0
1094,1517383656,1517383656,1
1095,1394474757,1394474757,0
1096,308986597,308986597,0
1097,1245393024,1245393024,1
1098,1411121742,1411121742,0
1099,280785885,280785885,1
1100,1308482857,1308482857,0
1101,230359057,230359057,0
1102,250134959,250134959,1
1103,151762285,151762285,1
1104,617549387,617549387,0
1105,1332897077,1332897077,1
1106,412134332,412134332,1
1107,367677986,367677986,0
1108,134647762,134647762,1
1109,358196375,358196375,0
1110,677301762,677301762,0
1111,1645969293,1645969293,1
1112,1492385211,1492385211,0
1113,1436780812,1436780812,0
1114,1208330461,1208330461,0
1115,1945493523,1945493523,1
1116,1554112064,1554112064,1
1117,1564493849,1564493849,0
1118,1255977438,1255977438,0
1119,1280442743,1280442743,1
1120,1415915877,1415915877,1
1121,1279450299,1279450299,1
1122,1637296905,1637296905,1
1123,1640014094,1640014094,1
1124,721039209,721039209,0
1125,221438460,221438460,0
1126,520006518,520006518,1
1127,791460200,791460200,1
1128,657534377,657534377,0
1129,568481673,568481673,0
1130,771829177,771829177,1
1131,692711330,692711330,1
1132,517496792,517496792,0
1133,508638943,508638943,0
1134,944010907,944010907,0
1135,928371890,928371890,0
1136,724296451,724296451,1
1137,839561676,839561676,1
1138,203139646,203139646,1
1139,1429861698,1429861698,0
1140,1443511898,1443511898,1
1141,1242708963,1242708963,1
1142,1410157682,1410157682,1
1143,514069302,514069302,1
1144,425130422,425130422,1
1145,727822630,727822630,1
1146,515078532,515078532,1
1147,1921716027,1921716027,0
1148,1092119024,1092119024,0
1149,1925256229,1925256229,1
1150,1818884682,1818884682,0
1151,1768229783,1768229783,1
1152,1755567327,1755567327,1
1153,1805002069,1805002069,1
1154,1695434078,1695434078,1
1155,544901899,544901899,0
1156,1725462102,1725462102,0
1157,1705594814,1705594814,1
1158,1746851267,1746851267,0
1159,1965819473,1965819473,1
1160,1255636720,1255636720,0
1161,1950305093,1950305093,1
1162,236127750,236127750,0
1163,1624645525,1624645525,0
1164,1662108620,1662108620,0
1165,1610077033,1610077033,0
1166,193510933,193510933,0
1167,1540805175,1540805175,0
1168,1553818316,1553818316,1
1169,1162122715,1162122715,0
1170,983226824,983226824,0
1171,1220639836,1220639836,0
1172,1340215939,1340215939,1
1173,1374947582,1374947582,0
1174,281236162,281236162,1
1175,595684320,595684320,1
1176,579021057,579021057,1
1177,310430176,310430176,1
1178,1009676019,1009676019,1
1179,1033039531,1033039531,1
1180,1110713950,1110713950,0
1181,676793679,676793679,1
1182,694824961,694824961,0
1183,1319188267,1319188267,0
1184,610490659,610490659,1
1185,511787908,511787908,1
1186,684062779,684062779,0
1187,870448520,870448520,0
1188,599358018,599358018,0
1189,1801190384,1801190384,0
1190,1815364428,1815364428,1
1191,383290201,383290201,1
1192,370916088,370916088,0
1193,1534083668,1534083668,0
1194,109558980,109558980,1
1195,1326060957,1326060957,1
1196,1081269026,1081269026,1
1197,1764117749,1764117749,0
1198,1765322970,1765322970,0
1199,1529588477,1529588477,0
1200,1431475991,1431475991,0
1201,283952680,283952680,1
1202,1635085700,1635085700,1
1203,224959372,224959372,1
1204,1568705683,1568705683,0
1205,1057392403,1057392403,1
1206,1586344178,1586344178,0
1207,1288604293,1288604293,1
1208,1714991759,1714991759,0
1209,1294735791,1294735791,1
1210,1304047145,1304047145,1
1211,136985154,136985154,1
1212,193676789,193676789,0
1213,479853284,479853284,0
1214,161704723,161704723,0
1215,376823974,376823974,1
1216,1787299891,1787299891,0
1217,1725382302,1725382302,0
1218,1779858347,1779858347,0
1219,1762101718,1762101718,1
1220,1727547531,1727547531,0
1221,986367470,986367470,1
1222,922648766,922648766,1
1223,296332522,296332522,0
1224,1203077305,1203077305,1
1225,882288737,882288737,0
1226,1102269756,1102269756,1
1227,1104997773,1104997773,0
1228,1085321513,1085321513,0
1229,903320573,903320573,0
1230,1529329583,1529329583,0
1231,1684400891,1684400891,1
1232,1218526814,1218526814,1
1233,1308505315,1308505315,0
1234,1366811907,1366811907,0
1235,1308858417,1308858417,0
1236,1555513196,1555513196,0
1237,694701520,694701520,1
1238,1102630327,1102630327,0
1239,1136246252,1136246252,1
1240,562158380,562158380,1
1241,1392173077,1392173077,0
1242,688444569,688444569,1
1243,534772703,534772703,1
1244,550565852,550565852,1
1245,623885537,623885537,1
1246,539310832,539310832,1
1247,657473471,657473471,1
1248,685383766,685383766,1
1249,1025202561,1025202561,0
1250,466511962,466511962,0
1251,583770854,583770854,0
1252,753919839,753919839,1
1253,717479492,717479492,0
1254,789241952,789241952,0
1255,188325772,188325772,0
1256,753017275,753017275,1
1257,639901359,639901359,0
1258,665750426,665750426,0
1259,618421260,618421260,1
1260,1676053800,1676053800,0
1261,1705936545,1705936545,0
1262,1732571905,1732571905,0
1263,1411211294,1411211294,1
1264,1337094955,1337094955,0
1265,1779236017,1779236017,0
1266,1743199339,1743199339,0
1267,1826448361,1826448361,1
1268,1701993441,1701993441,0
1269,1221965108,1221965108,0
1270,1224190701,1224190701,1
1271,1364203665,1364203665,1
1272,1837445256,1837445256,1
1273,808390965,808390965,0
1274,1175504982,1175504982,1
1275,815155706,815155706,1
1276,1720749297,1720749297,1
1277,756497566,756497566,0
1278,1917194752,1917194752,1
1279,1932042475,1932042475,0
1280,1800109403,1800109403,0
1281,1698301177,1698301177,0
1282,1965249224,1965249224,1
1283,1832362763,1832362763,1
1284,1796638718,1796638718,0
1285,307303124,307303124,0
1286,1299383526,1299383526,0
1287,780113062,780113062,1
1288,1563795675,1563795675,1
1289,291762741,291762741,1
1290,1679831625,1679831625,1
1291,1204231906,1204231906,0
1292,1067943040,1067943040,0
1293,308162265,308162265,0
1294,1045828047,1045828047,1
1295,1039962921,1039962921,1
1296,923498322,923498322,1
1297,308808741,308808741,0
1298,217170122,217170122,0
1299,1410722454,1410722454,1
1300,1881576137,1881576137,0
1301,302986096,302986096,1
1302,1147702453,1147702453,0
1303,1855629627,1855629627,0
1304,1887867870,1887867870,0
1305,1626379903,1626379903,1
1306,760628542,760628542,0
1307,206832671,206832671,0
1308,203917749,203917749,0
1309,168096858,168096858,1
1310,733948321,733948321,1
1311,753967326,753967326,1
1312,1769141640,1769141640,0
1313,1773782451,1773782451,0
1314,1717053281,1717053281,1
1315,1696064088,1696064088,1
1316,1749723283,1749723283,0
1317,1640240870,1640240870,1
1318,406495144,406495144,0
1319,398952835,398952835,0
1320,1952981894,1952981894,1
1321,732581532,732581532,1
1322,1457735405,1457735405,1
1323,1685673613,1685673613,1
1324,1506084918,1506084918,1
1325,920162437,920162437,0
1326,941658404,941658404,0
1327,998207607,998207607,0
1328,262336281,262336281,1
1329,965532815,965532815,1
1330,1930743040,1930743040,1
1331,1656167011,1656167011,1
1332,1386817208,1386817208,0
1333,968518658,968518658,1
1334,1495834158,1495834158,1
1335,1497307272,1497307272,1
1336,1231801748,1231801748,0
1337,915163314,915163314,1
1338,1041842610,1041842610,1
1339,547574642,547574642,1
1340,1446098590,1446098590,1
1341,1314055447,1314055447,0
1342,1377415314,1377415314,0
1343,1275031721,1275031721,1
1344,1447740615,1447740615,0
1345,1260407030,1260407030,1
1346,1377063362,1377063362,0
1347,151439074,151439074,1
1348,456697603,456697603,1
1349,477577913,477577913,0
1350,884765117,884765117,1
1351,467013572,467013572,1
1352,482320549,482320549,1
1353,1841111452,1841111452,0
1354,1521873071,1521873071,1
1355,1299020569,1299020569,1
1356,1944441307,1944441307,1
1357,670358779,670358779,1
1358,1631679388,1631679388,0
1359,1648337049,1648337049,0
1360,1566092753,1566092753,1
1361,1626221006,1626221006,1
1362,1222986574,1222986574,0
1363,955745438,955745438,1
1364,1035482290,1035482290,1
1365,1211406913,1211406913,1
1366,1640925102,1640925102,0
1367,287696550,287696550,1
1368,1520687485,1520687485,0
1369,774133508,774133508,0
1370,732397934,732397934,1
1371,702125578,702125578,0
1372,593306370,593306370,1
1373,752127144,752127144,1
1374,556688851,556688851,1
1375,510844895,510844895,0
1376,688542242,688542242,1
1377,1288488412,1288488412,0
1378,368957493,368957493,0
1379,1423695137,1423695137,1
1380,1382545959,1382545959,0
1381,614018120,614018120,1
1382,586946616,586946616,0
1383,690571585,690571585,1
1384,1244848490,1244848490,1
1385,1221420011,1221420011,1
1386,223217898,223217898,0
1387,229343267,229343267,0
1388,812505382,812505382,1
1389,863385996,863385996,1
1390,495201064,495201064,0
1391,511231902,511231902,0
1392,773927767,773927767,1
1393,521081673,521081673,1
1394,555130119,555130119,0
1395,787907655,787907655,1
1396,500820239,500820239,0
1397,470555685,470555685,0
1398,775345844,775345844,0
1399,737634777,737634777,0
1400,789959332,789959332,1
1401,862969409,862969409,0
1402,713973138,713973138,1
1403,725824499,725824499,1
1404,833140958,833140958,1
1405,490403554,490403554,1
1406,688209758,688209758,1
1407,491706809,491706809,0
1408,244650743,244650743,0
1409,1821196664,1821196664,1
1410,558434194,558434194,0
1411,720485717,720485717,1
1412,677039214,677039214,1
1413,1776733592,1776733592,0
1414,1793935094,1793935094,0
1415,1833874929,1833874929,0
1416,1431585436,1431585436,1
1417,906313231,906313231,0
1418,1739883325,1739883325,1
1419,655635653,655635653,0
1420,600469943,600469943,0
1421,1860874505,1860874505,1
1422,1726828913,1726828913,0
1423,865386052,865386052,0
1424,1963599689,1963599689,0
1425,1970885453,1970885453,0
1426,1963400913,1963400913,0
1427,1704913481,1704913481,1
1428,1678644453,1678644453,1
1429,1023987287,1023987287,1
1430,1935652609,1935652609,0
1431,1903776674,1903776674,0
1432,1498462427,1498462427,1
1433,1648718952,1648718952,1
1434,1158555993,1158555993,1
1435,1076569660,1076569660,1
1436,1072441320,1072441320,1
1437,1002655496,1002655496,1
1438,940563868,940563868,1
1439,767537647,767537647,0
1440,640790784,640790784,0
1441,688840852,688840852,1
1442,511738520,511738520,0
1443,1760804953,1760804953,1
1444,915528668,915528668,0
1445,1928697987,1928697987,1
1446,1828897481,1828897481,1
1447,1793706962,1793706962,1
1448,379567843,379567843,0
1449,1743061946,1743061946,0
1450,1691985017,1691985017,1
1451,1965663253,1965663253,1
1452,1915487904,1915487904,0
1453,1103292750,1103292750,0
1454,1168443389,1168443389,0
1455,1912506083,1912506083,0
1456,1493903929,1493903929,0
1457,1543135848,1543135848,1
1458,1583580645,1583580645,1
1459,1635185934,1635185934,1
1460,1533312024,1533312024,0
1461,1533104117,1533104117,0
1462,1081455329,1081455329,1
1463,919807697,919807697,0
1464,1452733386,1452733386,1
1465,1471797690,1471797690,0
1466,1468353119,1468353119,1
1467,1530919656,1530919656,1
1468,1463015236,1463015236,0
1469,1487860552,1487860552,0
1470,1089810747,1089810747,0
1471,1044611530,1044611530,0
1472,1113370966,1113370966,1
1473,891137417,891137417,1
1474,1246438882,1246438882,1
1475,125847324,125847324,1
1476,1306301596,1306301596,1
1477,1300341071,1300341071,0
1478,1392022063,1392022063,0
1479,1266939474,1266939474,1
1480,1603491970,1603491970,0
1481,706945251,706945251,0
1482,1231729480,1231729480,1
1483,1086700434,1086700434,0
1484,897149037,897149037,1
1485,381251885,381251885,0
1486,247733034,247733034,1
1487,244352216,244352216,1
1488,1064473247,1064473247,0
1489,945735448,945735448,0
1490,965835277,965835277,0
1491,474035950,474035950,1
1492,1409501325,1409501325,1
1493,1681407391,1681407391,1
1494,1675944738,1675944738,0
1495,1728461637,1728461637,0
1496,1979275758,1979275758,1
1497,1764754000,1764754000,1
1498,1686246267,1686246267,0
1499,338845580,338845580,0
1500,1833810599,1833810599,0
1501,1737560771,1737560771,0
1502,265464580,265464580,0
1503,510429756,510429756,0
1504,1578390433,1578390433,0
1505,1132742177,1132742177,0
1506,1583060157,1583060157,0
1507,281456562,281456562,1
1508,1566606016,1566606016,1
1509,1170788866,1170788866,1
1510,916802193,916802193,1
1511,1194216080,1194216080,1
1512,1861160258,1861160258,1
1513,696010695,696010695,1
1514,728029945,728029945,1
1515,1045160617,1045160617,1
1516,908913443,908913443,0
1517,1147567332,1147567332,1
1518,1114792899,1114792899,1
1519,1884507132,1884507132,0
1520,512853021,512853021,1
1521,594590415,594590415,1
1522,801802099,801802099,1
1523,644031245,644031245,1
1524,1428546821,1428546821,0
1525,145563354,145563354,1
1526,1404462633,1404462633,1
1527,1896216805,1896216805,1
1528,1444085511,1444085511,1
1529,304008827,304008827,0
1530,1306300573,1306300573,0
1531,1046119208,1046119208,1
1532,981706008,981706008,1
1533,969450757,969450757,1
1534,1204635266,1204635266,0
1535,527053604,527053604,0
1536,636238668,636238668,1
1537,1928292126,1928292126,0
1538,583129161,583129161,1
1539,718135045,718135045,1
1540,495016896,495016896,1
1541,740839739,740839739,1
1542,808115540,808115540,0
1543,523537315,523537315,1
1544,697036427,697036427,1
1545,494444895,494444895,0
1546,501075416,501075416,1
1547,658832440,658832440,0
1548,876955419,876955419,1
1549,1750797065,1750797065,0
1550,1547490873,1547490873,1
1551,1717507202,1717507202,1
1552,1667059126,1667059126,1
1553,1796728869,1796728869,1
1554,322676809,322676809,0
1555,1797223629,1797223629,0
1556,1523274478,1523274478,1
1557,564668576,564668576,0
1558,807836524,807836524,0
1559,832385201,832385201,1
1560,492356323,492356323,0
1561,133010625,133010625,0
1562,1459643392,1459643392,1
1563,1673885709,1673885709,0
1564,425202497,425202497,0
1565,1284316068,1284316068,1
1566,1702910396,1702910396,0
1567,1995464785,1995464785,0
1568,1602465920,1602465920,0
1569,1617995635,1617995635,1
1570,1092882494,1092882494,0
1571,1201402453,1201402453,0
1572,968903357,968903357,0
1573,1573764262,1573764262,1
1574,1601500643,1601500643,1
1575,418466386,418466386,1
1576,1035374127,1035374127,0
1577,1214367928,1214367928,0
1578,1218187488,1218187488,0
1579,1190490240,1190490240,0
1580,938356821,938356821,0
1581,892878768,892878768,1
1582,1614257797,1614257797,0
1583,1534183292,1534183292,1
1584,1503979029,1503979029,0
1585,284646230,284646230,0
1586,1330832881,1330832881,0
1587,1286156454,1286156454,0
1588,1449884923,1449884923,1
1589,1918336437,1918336437,1
1590,206677321,206677321,0
1591,140427820,140427820,1
1592,1146644551,1146644551,1
1593,1113536400,1113536400,0
1594,1443203942,1443203942,1
1595,1428635014,1428635014,0
1596,1291562269,1291562269,1
1597,1333402398,1333402398,0
1598,1441282019,1441282019,1
1599,1254909777,1254909777,0
1600,194582623,194582623,1
1601,245108014,245108014,1
1602,544885926,544885926,0
1603,699732905,699732905,0
1604,195903286,195903286,1
1605,1256748669,1256748669,1
1606,461873929,461873929,1
1607,244839949,244839949,0
1608,1741102053,1741102053,0
1609,1505978738,1505978738,0
1610,653289939,653289939,1
1611,1995744062,1995744062,1
1612,581131177,581131177,1
1613,1355781808,1355781808,1
1614,545816865,545816865,0
1615,1751962826,1751962826,1
1616,296581715,296581715,0
1617,1874041256,1874041256,0
1618,1477881399,1477881399,1
1619,271375700,271375700,1
1620,1532508540,1532508540,1
1621,1644870226,1644870226,0
1622,985055858,985055858,0
1623,1452697247,1452697247,1
1624,1939010290,1939010290,1
1625,959997678,959997678,0
1626,1947133401,1947133401,0
1627,1608630360,1608630360,1
1628,258580188,258580188,0
1629,307441892,307441892,1
1630,1371532500,1371532500,1
1631,1054434171,1054434171,1
1632,928741707,928741707,1
1633,970071004,970071004,1
1634,612890378,612890378,1
1635,636188802,636188802,1
1636,504168442,504168442,1
1637,592895164,592895164,1
1638,886972937,886972937,0
1639,922229308,922229308,0
1640,286635415,286635415,1
1641,1841656573,1841656573,1
1642,1884398590,1884398590,1
1643,457006100,457006100,0
1644,1379543540,1379543540,1
1645,483916959,483916959,0
1646,699125762,699125762,0
1647,1980654773,1980654773,1
1648,209160927,209160927,1
1649,1774514823,1774514823,1
1650,1674194323,1674194323,1
1651,1771510890,1771510890,1
1652,948496594,948496594,0
1653,1185772515,1185772515,0
1654,1523904464,1523904464,1
1655,1862751726,1862751726,1
1656,705136435,705136435,0
1657,817489530,817489530,1
1658,230696357,230696357,0
1659,130467436,130467436,0
1660,1707920265,1707920265,1
1661,1948288018,1948288018,1
1662,574012259,574012259,1
1663,1862182211,1862182211,0
1664,1625288835,1625288835,1
1665,222906308,222906308,0
1666,442221225,442221225,1
1667,1053390623,1053390623,0
1668,1331363257,1331363257,0
1669,1846648010,1846648010,1
1670,290943017,290943017,0
1671,1594936069,1594936069,0
1672,1590160098,1590160098,1
1673,1144930328,1144930328,1
1674,1102974728,1102974728,0
1675,1173000864,1173000864,1
1676,1533349306,1533349306,0
1677,1217092644,1217092644,0
1678,1616058849,1616058849,0
1679,1052351625,1052351625,0
1680,1031945947,1031945947,1
1681,1445653331,1445653331,1
1682,1617436889,1617436889,1
1683,1580846084,1580846084,1
1684,1635262538,1635262538,0
1685,1550878692,1550878692,1
1686,1702516217,1702516217,1
1687,1322886059,1322886059,0
1688,1063835975,1063835975,1
1689,929945033,929945033,0
1690,1092160093,1092160093,0
1691,1878348820,1878348820,0
1692,1132073019,1132073019,1
1693,1776176468,1776176468,1
1694,280452065,280452065,1
1695,1325606886,1325606886,1
1696,1441112678,1441112678,1
1697,1302443114,1302443114,1
1698,1446229375,1446229375,0
1699,207559432,207559432,1
1700,239508839,239508839,0
1701,310331301,310331301,1
1702,1017218639,1017218639,1
1703,1281355836,1281355836,1
1704,1391165834,1391165834,1
1705,1405305914,1405305914,1
1706,1214986433,1214986433,0
1707,255255410,255255410,1
1708,166788975,166788975,1
1709,818966630,818966630,1
1710,1712645297,1712645297,0
1711,1721780773,1721780773,1
1712,1691444914,1691444914,1
1713,505895307,505895307,0
1714,157204323,157204323,0
1715,247596591,247596591,1
1716,190086578,190086578,1
1717,1822144904,1822144904,0
1718,1794635090,1794635090,0
1719,1506859588,1506859588,0
1720,999278903,999278903,1
1721,1112221396,1112221396,0
1722,1978584436,1978584436,0
1723,566085328,566085328,0
1724,548021183,548021183,1
1725,1713331824,1713331824,1
1726,1977393265,1977393265,0
1727,1739529693,1739529693,1
1728,1695930532,1695930532,0
1729,1450258749,1450258749,0
1730,497042532,497042532,1
1731,1735697944,1735697944,1
1732,683402913,683402913,1
1733,1201200488,1201200488,0
1734,1112414217,1112414217,1
1735,737141671,737141671,1
1736,1857389434,1857389434,0
1737,679081061,679081061,1
1738,1123745167,1123745167,1
1739,1308505646,1308505646,1
1740,1385098049,1385098049,0
1741,360586401,360586401,0
1742,133937457,133937457,0
1743,993438060,993438060,1
1744,1132979353,1132979353,0
1745,938089224,938089224,0
1746,479109545,479109545,1
1747,149852228,149852228,1
1748,568174259,568174259,0
1749,648808603,648808603,1
1750,1874796662,1874796662,0
1751,1879600672,1879600672,1
1752,1878619795,1878619795,1
1753,209693996,209693996,1
1754,128366062,128366062,1
1755,970689108,970689108,1
1756,170221846,170221846,1
1757,1929552453,1929552453,1
1758,1575969799,1575969799,1
1759,1683708466,1683708466,0
1760,1854211760,1854211760,0
1761,834783355,834783355,0
1762,1477003707,1477003707,0
1763,1462111719,1462111719,0
1764,1858020932,1858020932,0
1765,1488939532,1488939532,1
1766,595355083,595355083,1
1767,387214864,387214864,1
1768,1491164312,1491164312,0
1769,1344459568,1344459568,0
1770,122069669,122069669,0
1771,1981420051,1981420051,1
1772,1983481222,1983481222,1
1773,1370211170,1370211170,1
1774,1160887875,1160887875,1
1775,722689787,722689787,0
1776,612980057,612980057,0
1777,1184484155,1184484155,1
1778,987840125,987840125,1
1779,270703380,270703380,0
1780,1563192915,1563192915,0
1781,907148164,907148164,1
1782,1015992039,1015992039,1
1783,1098271517,1098271517,0
1784,1402438966,1402438966,0
1785,1935714355,1935714355,1
1786,904999513,904999513,1
1787,987599977,987599977,0
1788,1076826180,1076826180,0
1789,1421667592,1421667592,1
1790,1345340031,1345340031,1
1791,1634780342,1634780342,0
1792,1446734246,1446734246,1
1793,1420750945,1420750945,1
1794,1155673819,1155673819,0
1795,922753542,922753542,1
1796,987320108,987320108,0
1797,1198293146,1198293146,0
1798,1014825084,1014825084,1
1799,1017273348,1017273348,0
1800,906155754,906155754,0
1801,1030345714,1030345714,0
1802,148146841,148146841,0
1803,154225835,154225835,1
1804,162589447,162589447,1
1805,1047524009,1047524009,1
1806,991050854,991050854,1
1807,1202574792,1202574792,1
1808,1169941273,1169941273,1
1809,930382391,930382391,0
1810,191600186,191600186,1
1811,695401431,695401431,1
1812,1379103842,1379103842,1
1813,1324838429,1324838429,1
1814,1398591108,1398591108,1
1815,957560847,957560847,1
1816,1895866203,1895866203,1
1817,1755730111,1755730111,0
1818,1821005964,1821005964,1
1819,1047657323,1047657323,1
1820,545764624,545764624,0
1821,256997837,256997837,1
1822,188192649,188192649,1
1823,1617185257,1617185257,1
1824,1673174887,1673174887,1
1825,1795737966,1795737966,0
1826,1750050940,1750050940,1
1827,1808616431,1808616431,1
1828,1800410818,1800410818,0
1829,1716328337,1716328337,0
1830,1676961942,1676961942,1
1831,1729992753,1729992753,1
1832,1717564168,1717564168,0
1833,1266108066,1266108066,1
1834,1439708346,1439708346,1
1835,1320792901,1320792901,1
1836,770441440,770441440,0
1837,1659234829,1659234829,1
1838,606522467,606522467,0
1839,855573426,855573426,1
1840,820838638,820838638,0
1841,1659689689,1659689689,0
1842,275686321,275686321,1
1843,1216705359,1216705359,1
1844,1181185867,1181185867,0
1845,1184433720,1184433720,1
1846,1868705342,1868705342,1
1847,1423434096,1423434096,1
1848,1327698919,1327698919,1
1849,1379033498,1379033498,1
1850,1282436330,1282436330,0
1851,491589119,491589119,0
1852,1628594966,1628594966,0
1853,507208091,507208091,0
1854,755949984,755949984,0
1855,499454740,499454740,0
1856,319247595,319247595,0
1857,1890902566,1890902566,1
1858,1846266634,1846266634,1
1859,1639573091,1639573091,1
1860,1625635426,1625635426,0
1861,1292945299,1292945299,0
1862,128273280,128273280,0
1863,1044647537,1044647537,1
1864,1302354674,1302354674,1
1865,864181121,864181121,1
1866,1469352619,1469352619,1
1867,1326742013,1326742013,1
1868,715161555,715161555,0
1869,1208756363,1208756363,1
1870,619193144,619193144,0
1871,771821655,771821655,1
1872,221617629,221617629,0
1873,1593172736,1593172736,1
1874,269823601,269823601,1
1875,1687221709,1687221709,1
1876,1121733781,1121733781,0
1877,962463040,962463040,1
1878,1608609885,1608609885,0
1879,1102435567,1102435567,1
1880,1036002995,1036002995,1
1881,1187961982,1187961982,1
1882,1325334551,1325334551,1
1883,1442026756,1442026756,1
1884,1434279420,1434279420,0
1885,1002672199,1002672199,1
1886,1163153494,1163153494,1
1887,1170686611,1170686611,1
1888,1125176379,1125176379,1
1889,945704628,945704628,0
1890,963310857,963310857,1
1891,1164103856,1164103856,1
1892,1848078003,1848078003,0
1893,1222704550,1222704550,1
1894,904366503,904366503,1
1895,1993131972,1993131972,1
1896,1866431280,1866431280,1
1897,1519698194,1519698194,1
1898,1594107139,1594107139,1
1899,572164074,572164074,0
1900,855969266,855969266,0
1901,227235421,227235421,0
1902,1853146966,1853146966,1
1903,1127779790,1127779790,0
1904,409233960,409233960,0
1905,1724212831,1724212831,1
1906,1732425075,1732425075,1
1907,1923593111,1923593111,1
1908,634532726,634532726,0
1909,1790752648,1790752648,1
1910,1749567499,1749567499,1
1911,1693728418,1693728418,1
1912,1142073934,1142073934,0
1913,1608373837,1608373837,1
1914,1655846305,1655846305,1
1915,1590140446,1590140446,1
1916,889925197,889925197,1
1917,1149281176,1149281176,0
1918,1917836377,1917836377,1
1919,1153618830,1153618830,0
1920,1873646928,1873646928,1
1921,882294831,882294831,1
1922,1888843636,1888843636,0
1923,1357915024,1357915024,0
1924,1511101139,1511101139,0
1925,1711888846,1711888846,1
1926,1799368732,1799368732,0
1927,1753898497,1753898497,1
1928,933675879,933675879,1
1929,646405624,646405624,0
1930,331672071,331672071,0
1931,1942878508,1942878508,0
1932,1591385883,1591385883,0
1933,1556803849,1556803849,1
1934,1527023057,1527023057,1
1935,673193386,673193386,1
1936,540093587,540093587,0
1937,1241961821,1241961821,0
1938,508404388,508404388,1
1939,350600832,350600832,0
1940,907399455,907399455,0
1941,1321163163,1321163163,1
1942,1310610548,1310610548,1
1943,371550535,371550535,1
1944,419336133,419336133,0
1945,1630707269,1630707269,1
1946,143729613,143729613,1
1947,336365793,336365793,0
1948,235325085,235325085,0
1949,1247367214,1247367214,1
1950,280371499,280371499,0
1951,715795519,715795519,0
1952,506720602,506720602,0
1953,696445355,696445355,1
1954,1632277923,1632277923,1
1955,951905146,951905146,1
1956,925486094,925486094,0
1957,1183221043,1183221043,0
1958,1227308343,1227308343,1
1959,1208842550,1208842550,0
1960,1803476508,1803476508,1
1961,289387853,289387853,1
1962,290248995,290248995,1
1963,1637019918,1637019918,0
1964,1063305063,1063305063,0
1965,1883657395,1883657395,1
1966,1420782398,1420782398,1
1967,853174441,853174441,0
1968,1351551242,1351551242,1
1969,1383565633,1383565633,1
1970,1364348983,1364348983,1
1971,527600948,527600948,1
1972,748613510,748613510,1
1973,642628879,642628879,1
1974,602501950,602501950,0
1975,519783219,519783219,0
1976,163475138,163475138,1
1977,1481083985,1481083985,0
1978,835209554,835209554,0
1979,769835816,769835816,0
1980,1760788150,1760788150,1
1981,1482244901,1482244901,0
1982,1861187431,1861187431,0
1983,1672979598,1672979598,1
1984,1676791607,1676791607,0
1985,544868023,544868023,0
1986,359749539,359749539,0
1987,985873256,985873256,1
1988,1668579446,1668579446,1
1989,1352762311,1352762311,1
1990,1321248998,1321248998,1
1991,1730514722,1730514722,1
1992,1441370164,1441370164,0
1993,927981085,927981085,1
1994,1017150857,1017150857,1
1995,370914387,370914387,1
1996,1805390500,1805390500,1
1997,1758559477,1758559477,0
1998,805709918,805709918,1
1999,372654174,372654174,0
2000,517045374,517045374,0
2001,1463171416,1463171416,1
2002,113446587,113446587,0
2003,1636754153,1636754153,0
2004,912959392,912959392,0
2005,1606761042,1606761042,0
2006,726202622,726202622,0
2007,964718932,964718932,1
2008,1204820658,1204820658,0
2009,1069549690,1069549690,0
2010,1197186794,1197186794,1
2011,1313156802,1313156802,1
2012,1321316008,1321316008,0
2013,817809420,817809420,1
2014,463880664,463880664,0
2015,1130435253,1130435253,1
2016,1296644568,1296644568,1
2017,528885694,528885694,1
2018,1299594812,1299594812,1
2019,1664335255,1664335255,1
2020,1633589618,1633589618,0
2021,1206490430,1206490430,1
2022,1109063215,1109063215,0
2023,902681335,902681335,0
2024,1778908428,1778908428,1
2025,1905161813,1905161813,0
2026,276412673,276412673,0
2027,1355205132,1355205132,1
2028,1243930041,1243930041,1
2029,1290577325,1290577325,1
2030,270574913,270574913,0
2031,1628527970,1628527970,1
2032,172836310,172836310,1
2033,976634044,976634044,1
2034,1214661297,1214661297,0
2035,904654819,904654819,1
2036,1854209629,1854209629,0
2037,1856808360,1856808360,1
2038,1631221651,1631221651,1
2039,311641372,311641372,1
2040,831035343,831035343,0
2041,826210126,826210126,1
2042,1369552034,1369552034,1
2043,336383765,336383765,0
2044,396499327,396499327,0
2045,784193785,784193785,1
2046,173485316,173485316,1
2047,1855911341,1855911341,1
2048,446507222,446507222,0
2049,1685981614,1685981614,1
2050,641951764,641951764,1
2051,240766361,240766361,0
2052,157313487,157313487,0
2053,314752012,314752012,1
2054,704717527,704717527,0
2055,1605524313,1605524313,1
2056,322323754,322323754,1
2057,1211152203,1211152203,1
2058,1132520626,1132520626,1
2059,369667076,369667076,0
2060,434830217,434830217,0
2061,1595928513,1595928513,0
2062,1831818848,1831818848,1
2063,399539185,399539185,0
2064,1585389326,1585389326,1
2065,1893074540,1893074540,0
2066,1040666532,1040666532,0
2067,1493330675,1493330675,0
2068,1278942214,1278942214,0
2069,1387396397,1387396397,0
2070,472295054,472295054,0
2071,1198436175,1198436175,1
2072,901146277,901146277,1
2073,469230100,469230100,0
2074,1925637366,1925637366,1
2075,1572488492,1572488492,1
2076,1228436288,1228436288,1
2077,147937396,147937396,1
2078,1680016074,1680016074,1
2079,768027898,768027898,1
2080,505783014,505783014,1
2081,268958171,268958171,1
2082,1822079126,1822079126,0
2083,279924501,279924501,0
2084,955743085,955743085,0
2085,566402787,566402787,0
2086,652186142,652186142,0
2087,1862215522,1862215522,1
2088,273611612,273611612,1
2089,1863538170,1863538170,0
2090,1981974308,1981974308,0
2091,1882858506,1882858506,0
2092,1850604245,1850604245,1
2093,1653287139,1653287139,0
2094,388357661,388357661,0
2095,865428617,865428617,0
2096,1977005872,1977005872,1
2097,707666247,707666247,1
2098,1352424990,1352424990,0
2099,1086506974,1086506974,0
2100,273910718,273910718,1
2101,263566804,263566804,1
2102,690834703,690834703,1
2103,1686343604,1686343604,0
2104,1710370526,1710370526,0
2105,651107784,651107784,0
2106,1123623200,1123623200,1
2107,1052925853,1052925853,0
2108,362811505,362811505,0
2109,128907874,128907874,0
2110,129305990,129305990,0
2111,1096159805,1096159805,0
2112,1843960261,1843960261,0
2113,343428169,343428169,1
2114,355316521,355316521,0
2115,1209232743,1209232743,1
2116,1018651058,1018651058,0
2117,214789314,214789314,1
2118,582387130,582387130,1
2119,1719049604,1719049604,0
2120,1160816480,1160816480,1
2121,448701985,448701985,1
2122,1340730969,1340730969,1
2123,1385657260,1385657260,1
2124,1238610452,1238610452,1
2125,1359443031,1359443031,0
2126,1266261687,1266261687,0
2127,1182224185,1182224185,0
2128,1229144774,1229144774,0
2129,1094317522,1094317522,1
2130,1292922103,1292922103,0
2131,1338730918,1338730918,1
2132,1339896065,1339896065,0
2133,1979401077,1979401077,1
2134,921841545,921841545,1
2135,947773694,947773694,0
2136,1714972668,1714972668,0
2137,759170612,759170612,1
2138,1076690747,1076690747,1
2139,359502897,359502897,0
2140,1674917463,1674917463,0
2141,575036937,575036937,0
2142,1886467983,1886467983,1
2143,278410792,278410792,0
2144,488038963,488038963,0
2145,1879853659,1879853659,0
2146,560941181,560941181,0
2147,843135938,843135938,0
2148,467719570,467719570,1
2149,1085755037,1085755037,1
2150,625456631,625456631,0
2151,1675698472,1675698472,1
2152,1382242792,1382242792,1
2153,996110970,996110970,0
2154,757897809,757897809,0
2155,1055763496,1055763496,1
2156,1953183517,1953183517,0
2157,351816216,351816216,1
2158,716432626,716432626,0
2159,863179789,863179789,0
2160,1068680340,1068680340,0
2161,432217406,432217406,1
2162,432991460,432991460,0
2163,530214229,530214229,1
2164,1464492566,1464492566,1
2165,361584973,361584973,0
2166,419611046,419611046,1
2167,1057234332,1057234332,1
2168,962915319,962915319,1
2169,323554542,323554542,0
2170,1894428633,1894428633,1
2171,1884070714,1884070714,0
2172,435784436,435784436,0
2173,1286248014,1286248014,1
2174,230878349,230878349,0
2175,1599789148,1599789148,1
2176,1608949845,1608949845,0
2177,1459999313,1459999313,0
2178,1752037703,1752037703,1
2179,1359487732,1359487732,0
2180,1209316478,1209316478,0
2181,707462293,707462293,0
2182,1417783553,1417783553,1
2183,965658339,965658339,0
2184,232751959,232751959,0
2185,1562084152,1562084152,1
2186,1989473521,1989473521,0
2187,1562930182,1562930182,1
2188,868913994,868913994,0
2189,1788681829,1788681829,0
2190,1780900389,1780900389,0
2191,442937942,442937942,0
2192,596190637,596190637,1
2193,841867924,841867924,0
2194,1445476709,1445476709,0
2195,1760689325,1760689325,0
2196,320251983,320251983,0
2197,1411745050,1411745050,1
2198,192110557,192110557,1
2199,815779086,815779086,0
2200,154409536,154409536,0
2201,1484473048,1484473048,0
2202,364176016,364176016,0
2203,1770026225,1770026225,1
2204,1984920783,1984920783,0
2205,438363724,438363724,0
2206,340819344,340819344,0
2207,1189212723,1189212723,0
2208,1930586622,1930586622,0
2209,1134400075,1134400075,0
2210,890198580,890198580,0
2211,1189603403,1189603403,0
2212,1861297798,1861297798,0
2213,1481898965,1481898965,0
2214,836011578,836011578,0
2215,1416035428,1416035428,1
2216,1335817823,1335817823,1
2217,433214421,433214421,0
2218,1979038082,1979038082,1
2219,1037613298,1037613298,0
2220,1962994956,1962994956,0
2221,1905783667,1905783667,0
2222,1908980008,1908980008,1
2223,897411111,897411111,1
2224,578834098,578834098,1
2225,725081683,725081683,1
2226,215965192,215965192,1
2227,1096970137,1096970137,1
2228,1927883014,1927883014,1
2229,1352026980,1352026980,0
2230,1328882289,1328882289,0
2231,1137634889,1137634889,0
2232,655745033,655745033,0
2233,222111694,222111694,0
2234,346247073,346247073,0
2235,115377113,115377113,1
2236,114474566,114474566,0
2237,428605640,428605640,0
2238,1169958354,1169958354,1
2239,1071416866,1071416866,1
2240,1212783173,1212783173,0
2241,1689530076,1689530076,1
2242,1820345939,1820345939,1
2243,319069734,319069734,0
2244,1704909165,1704909165,1
2245,1295104581,1295104581,0
2246,1878839531,1878839531,1
2247,542853210,542853210,1
2248,608222822,608222822,0
2249,412850713,412850713,0
2250,758581014,758581014,1
2251,1960571806,1960571806,0
2252,327479141,327479141,0
2253,329395891,329395891,0
2254,1583015113,1583015113,0
2255,1218796109,1218796109,0
2256,116352577,116352577,1
2257,698075376,698075376,1
2258,366437162,366437162,0
2259,1171130643,1171130643,0
2260,457167857,457167857,0
2261,531546521,531546521,0
2262,659561954,659561954,1
2263,337363194,337363194,1
2264,142834155,142834155,0
2265,332275443,332275443,0
2266,455690234,455690234,0
2267,954394187,954394187,1
2268,1399337464,1399337464,1
2269,1438007582,1438007582,0
2270,1487147020,1487147020,0
2271,1924540922,1924540922,0
2272,581724010,581724010,1
2273,1901196992,1901196992,0
2274,1897073984,1897073984,1
2275,1910190993,1910190993,1
2276,628752440,628752440,0
2277,601868871,601868871,0
2278,492278925,492278925,0
2279,615404619,615404619,0
2280,514801834,514801834,1
2281,1076470383,1076470383,0
2282,992395740,992395740,0
2283,775793673,775793673,0
2284,773193591,773193591,0
2285,1238659799,1238659799,0
2286,292071909,292071909,0
2287,1439717308,1439717308,0
2288,1101493637,1101493637,1
2289,1143849790,1143849790,0
2290,1338478031,1338478031,0
2291,1925276416,1925276416,0
2292,1441218898,1441218898,0
2293,1887121466,1887121466,1
2294,186368087,186368087,0
2295,1897883273,1897883273,1
2296,1586105768,1586105768,0
2297,980335354,980335354,0
2298,1112703409,1112703409,0
2299,972297152,972297152,0
2300,445658053,445658053,0
2301,1302620624,1302620624,0
2302,1368699000,1368699000,0
2303,1251525063,1251525063,0
2304,412257584,412257584,0
2305,1859710157,1859710157,1
2306,457923873,457923873,0
2307,440384541,440384541,0
2308,1287875675,1287875675,1
2309,458399686,458399686,0
2310,722578001,722578001,0
2311,712246900,712246900,0
2312,1256404346,1256404346,0
2313,1900582911,1900582911,0
2314,1752292636,1752292636,0
2315,1704927501,1704927501,0
2316,1463247268,1463247268,0
2317,1607090287,1607090287,1
2318,1504546080,1504546080,0
2319,1864238082,1864238082,0
2320,1292602684,1292602684,0
2321,473858131,473858131,1
2322,471321593,471321593,1
2323,1368612586,1368612586,1
2324,901546596,901546596,0
2325,541537946,541537946,0
2326,613078012,613078012,0
2327,546056838,546056838,0
2328,339809371,339809371,0
2329,411960455,411960455,0
2330,902611871,902611871,1
2331,1131346160,1131346160,1
2332,880261160,880261160,0
2333,975436404,975436404,1
2334,1117664449,1117664449,1
2335,879367391,879367391,0
2336,557018444,557018444,1
2337,129683368,129683368,0
2338,1399712598,1399712598,0
2339,1533812050,1533812050,0
2340,1675973038,1675973038,1
2341,1911912582,1911912582,1
2342,495404744,495404744,0
2343,1380796945,1380796945,0
2344,1682504381,1682504381,0
2345,1697230811,1697230811,1
2346,723320310,723320310,0
2347,821036752,821036752,0
2348,792774529,792774529,0
2349,853426891,853426891,0
2350,993026523,993026523,0
2351,788728389,788728389,0
2352,514592541,514592541,1
2353,679504662,679504662,1
2354,778974376,778974376,1
2355,1704569156,1704569156,0
2356,1874123504,1874123504,0
2357,500130915,500130915,0
2358,1728498883,1728498883,0
2359,1706486352,1706486352,0
2360,1771397345,1771397345,0
2361,1791170525,1791170525,0
2362,1052308317,1052308317,0
2363,1399826829,1399826829,0
2364,1676059100,1676059100,0
2365,727220225,727220225,0
2366,659726564,659726564,0
2367,1092715500,1092715500,0
2368,185138403,185138403,0
2369,1446053831,1446053831,0
2370,362107442,362107442,0
2371,387454841,387454841,0
2372,321862487,321862487,0
2373,320953969,320953969,0
2374,1401345463,1401345463,0
2375,1333764370,1333764370,0
2376,426858869,426858869,0
2377,852579283,852579283,0
2378,1163109281,1163109281,0
2379,726596898,726596898,0
2380,373666981,373666981,0
2381,431548149,431548149,0
2382,158823114,158823114,0
2383,1395367236,1395367236,0
2384,1727876099,1727876099,1
2385,430941011,430941011,0
2386,1711086268,1711086268,0
2387,1536549501,1536549501,0
2388,1273489959,1273489959,1
2389,1664808285,1664808285,0
2390,1251643661,1251643661,1
2391,1376179526,1376179526,0
2392,1953108357,1953108357,1
2393,1456817360,1456817360,1
2394,1608361625,1608361625,0
2395,1037837559,1037837559,0
2396,1896174104,1896174104,0
2397,1182136596,1182136596,1
2398,1189358824,1189358824,1
2399,1427530603,1427530603,0
2400,1111877702,1111877702,0
2401,240161321,240161321,0
2402,757713836,757713836,0
2403,490397066,490397066,1
2404,911806879,911806879,0
2405,1726478767,1726478767,1
2406,784446892,784446892,1
2407,441082795,441082795,0
2408,113993985,113993985,1
2409,1817319577,1817319577,0
2410,1951320551,1951320551,1
2411,1844076179,1844076179,1
2412,554788232,554788232,1
2413,785720883,785720883,1
2414,749921935,749921935,0
2415,526504087,526504087,0
2416,1277705540,1277705540,0
2417,1785842124,1785842124,0
2418,706641604,706641604,0
2419,310127414,310127414,0
2420,1460238969,1460238969,0
2421,1878831656,1878831656,0
2422,1853023093,1853023093,0
2423,230325416,230325416,0
2424,136557487,136557487,0
2425,1089446220,1089446220,0
2426,1095897010,1095897010,0
2427,801725884,801725884,0
2428,802435686,802435686,0
2429,682709938,682709938,1
2430,1003465227,1003465227,0
2431,1684578116,1684578116,0
2432,1991899634,1991899634,1
2433,1907912016,1907912016,1
2434,1043053173,1043053173,0
2435,822171576,822171576,0
2436,781233329,781233329,1
2437,1181954338,1181954338,0
2438,534675802,534675802,0
2439,436194192,436194192,0
2440,618912634,618912634,0
2441,1804865728,1804865728,0
2442,1036775225,1036775225,0
2443,523707759,523707759,0
2444,370197742,370197742,0
2445,1936300610,1936300610,0
2446,417821881,417821881,0
2447,429181467,429181467,0
2448,405426083,405426083,0
2449,398946812,398946812,0
2450,932702821,932702821,0
2451,903491126,903491126,1
2452,123316323,123316323,1
2453,1519856913,1519856913,0
2454,944905850,944905850,0
2455,1609265564,1609265564,0
2456,1547801350,1547801350,0
2457,1656012922,1656012922,0
2458,984999316,984999316,1
2459,1960076428,1960076428,0
2460,975227300,975227300,1
2461,1290816762,1290816762,1
2462,1373526438,1373526438,0
2463,1390730101,1390730101,0
2464,1684530217,1684530217,0
2465,685711018,685711018,0
2466,500532670,500532670,0
2467,623582538,623582538,0
2468,1256526914,1256526914,0
2469,1412459994,1412459994,0
2470,1631280601,1631280601,0
2471,571155522,571155522,0
2472,1482689397,1482689397,1
2473,1631770074,1631770074,0
2474,1812037941,1812037941,0
2475,1991450210,1991450210,1
2476,1951384287,1951384287,0
2477,1523932390,1523932390,1
2478,786664304,786664304,1
2479,247638994,247638994,1
2480,1898392001,1898392001,0
2481,1182706214,1182706214,0
2482,894362071,894362071,0
2483,1177413362,1177413362,0
2484,927749086,927749086,0
2485,490154884,490154884,1
2486,833587809,833587809,0
2487,606653934,606653934,0
2488,639840404,639840404,0
2489,666359993,666359993,0
2490,533674754,533674754,0
2491,680316194,680316194,1
2492,1274095605,1274095605,0
2493,1310283052,1310283052,0
2494,437593520,437593520,1
2495,303127991,303127991,0
2496,139244694,139244694,0
2497,1837780900,1837780900,0
2498,468800521,468800521,1
2499,1686199050,1686199050,0
2500,917189455,917189455,1
2501,536136890,536136890,0
2502,1879699217,1879699217,1
2503,1501869167,1501869167,0
2504,1224760715,1224760715,0
2505,920442619,920442619,1
2506,1116855793,1116855793,0
2507,713470554,713470554,0
2508,567206879,567206879,1
2509,539130595,539130595,0
2510,1371323097,1371323097,0
2511,175441990,175441990,0
2512,172497994,172497994,0
2513,187514138,187514138,0
2514,1325204578,1325204578,1
2515,731894226,731894226,0
2516,159745824,159745824,0
2517,370995951,370995951,0
2518,1564574292,1564574292,0
2519,1541555219,1541555219,0
2520,1627580079,1627580079,0
2521,1576698724,1576698724,0
2522,265629457,265629457,1
2523,1198213208,1198213208,1
2524,632122860,632122860,0
2525,1223110353,1223110353,0
2526,1045318906,1045318906,0
2527,1272623771,1272623771,1
2528,1607883673,1607883673,0
2529,1590014536,1590014536,0
2530,1203310495,1203310495,0
2531,1277569308,1277569308,0
2532,1889229366,1889229366,1
2533,650083423,650083423,0
2534,1012585502,1012585502,0
2535,1816675216,1816675216,1
2536,1386061923,1386061923,1
2537,1345442487,1345442487,0
2538,856535198,856535198,0
2539,1386878105,1386878105,0
2540,153943089,153943089,0
2541,490999481,490999481,0
2542,1694742162,1694742162,1
2543,609876580,609876580,1
2544,200742226,200742226,1
2545,1977456744,1977456744,0
2546,1947255598,1947255598,0
2547,115913082,115913082,1
2548,852972600,852972600,1
2549,545852780,545852780,1
2550,1946090676,1946090676,0
2551,1395675176,1395675176,1
2552,1099993012,1099993012,0
2553,1570300167,1570300167,0
2554,676645127,676645127,0
2555,807572004,807572004,0
2556,783626089,783626089,0
2557,724674110,724674110,0
2558,606916315,606916315,0
2559,176386716,176386716,0
2560,531398249,531398249,1
2561,881423338,881423338,1
2562,857611262,857611262,1
2563,1337810346,1337810346,0
2564,1448392849,1448392849,0
2565,1431683100,1431683100,0
2566,1621658097,1621658097,1
2567,1975172728,1975172728,1
2568,1452290208,1452290208,0
2569,1967101560,1967101560,0
2570,943952120,943952120,1
2571,1469605918,1469605918,0
2572,346455354,346455354,0
2573,1639680252,1639680252,0
2574,1499750059,1499750059,0
2575,1526765489,1526765489,0
2576,1459763099,1459763099,0
2577,1487212153,1487212153,0
2578,1477417298,1477417298,0
2579,1349718296,1349718296,0
2580,1091843142,1091843142,0
2581,917416559,917416559,0
2582,151360882,151360882,0
2583,371160018,371160018,0
2584,451880232,451880232,0
2585,453615727,453615727,0
2586,455000786,455000786,0
2587,884109138,884109138,1
2588,1976862734,1976862734,1
2589,698106761,698106761,0
2590,459299216,459299216,0
2591,444598285,444598285,0
2592,321321066,321321066,0
2593,352491602,352491602,0
2594,1556580921,1556580921,1
2595,1581705889,1581705889,0
2596,1584106169,1584106169,0
2597,1173475376,1173475376,0
2598,1026534940,1026534940,0
2599,1027074384,1027074384,0
2600,1905986968,1905986968,1
2601,1983122569,1983122569,0
2602,1322726978,1322726978,1
2603,911148231,911148231,1
2604,533948913,533948913,0
2605,744105252,744105252,0
2606,530844352,530844352,0
2607,848185422,848185422,0
2608,1374020535,1374020535,0
2609,1043393230,1043393230,0
2610,1054215394,1054215394,0
2611,489016139,489016139,0
2612,855320579,855320579,0
2613,711558356,711558356,0
2614,1900082238,1900082238,0
2615,1619527621,1619527621,0
2616,1293086610,1293086610,0
2617,1398055401,1398055401,0
2618,1428790975,1428790975,0
2619,1348509265,1348509265,1
2620,116439383,116439383,0
2621,127161239,127161239,0
2622,641146581,641146581,1
2623,333348176,333348176,0
2624,620496440,620496440,0
2625,181372341,181372341,0
2626,1668382263,1668382263,0
2627,1794321420,1794321420,1
2628,1796198491,1796198491,0
2629,1966673204,1966673204,0
2630,1689334699,1689334699,1
2631,1783022598,1783022598,1
2632,1972322805,1972322805,0
2633,1687611461,1687611461,0
2634,1765792290,1765792290,0
2635,1798533752,1798533752,0
2636,1312444531,1312444531,0
2637,1943951967,1943951967,0
2638,820268676,820268676,0
2639,293651624,293651624,0
2640,340116036,340116036,0
2641,486991863,486991863,0
2642,635478909,635478909,0
2643,248331887,248331887,0
2644,211161362,211161362,0
2645,623063718,623063718,0
2646,488111879,488111879,1
2647,318790571,318790571,0
2648,1046231048,1046231048,0
2649,1492224415,1492224415,0
2650,1628852662,1628852662,0
2651,1629265513,1629265513,0
2652,744584835,744584835,0
2653,1550899005,1550899005,0
2654,420759571,420759571,0
2655,1651072592,1651072592,0
2656,1452805619,1452805619,0
2657,1348367467,1348367467,0
2658,1241237240,1241237240,0
2659,1172014709,1172014709,0
2660,1252720811,1252720811,0
2661,1397191127,1397191127,0
2662,1033494102,1033494102,0
2663,875615978,875615978,1
2664,143045978,143045978,0
2665,1689941609,1689941609,0
2666,1568331295,1568331295,0
2667,1696485921,1696485921,0
2668,1663746940,1663746940,0
2669,1218963318,1218963318,1
2670,1052432485,1052432485,1
2671,914165448,914165448,0
2672,296701865,296701865,0
2673,1058010984,1058010984,1
2674,1230014202,1230014202,0
2675,1320083491,1320083491,1
2676,1652280287,1652280287,0
2677,1721592389,1721592389,0
2678,794896941,794896941,0
2679,785992043,785992043,0
2680,838927369,838927369,0
2681,766038438,766038438,0
2682,600260445,600260445,0
2683,636648261,636648261,0
2684,648264829,648264829,0
2685,1069418288,1069418288,0
2686,1063124591,1063124591,0
2687,1001831443,1001831443,1
2688,765851981,765851981,0
2689,559883620,559883620,0
2690,233315193,233315193,0
2691,165256735,165256735,0
2692,513477897,513477897,0
2693,569156694,569156694,0
2694,821106312,821106312,0
2695,142753244,142753244,0
2696,616315259,616315259,0
2697,661225089,661225089,0
2698,1793640292,1793640292,1
2699,1795100519,1795100519,1
2700,1673787702,1673787702,0
2701,1764179507,1764179507,0
2702,1976114499,1976114499,0
2703,325399944,325399944,0
2704,1798040294,1798040294,1
2705,1312054523,1312054523,0
2706,1959780198,1959780198,1
2707,1969364252,1969364252,0
2708,131405561,131405561,0
2709,1682076937,1682076937,0
2710,1162317480,1162317480,0
2711,1007912731,1007912731,0
2712,1075314357,1075314357,0
2713,947295889,947295889,0
2714,307979426,307979426,0
2715,435150825,435150825,0
2716,1364666346,1364666346,0
2717,1286502858,1286502858,0
2718,804474118,804474118,0
2719,1609448035,1609448035,0
2720,1671267056,1671267056,1
2721,808718625,808718625,1
2722,621466421,621466421,0
2723,823373560,823373560,0
2724,493914860,493914860,0
2725,1810168405,1810168405,0
2726,1775586250,1775586250,0
2727,1702915473,1702915473,0
2728,1713975830,1713975830,0
2729,1320716840,1320716840,0
2730,1926015585,1926015585,0
2731,1304653453,1304653453,0
2732,1534948339,1534948339,0
2733,605340225,605340225,0
2734,891087466,891087466,0
2735,1652258354,1652258354,0
2736,933792240,933792240,0
2737,1064067012,1064067012,0
2738,1103912564,1103912564,0
2739,1587941057,1587941057,0
2740,1652797278,1652797278,0
2741,1328620664,1328620664,0
2742,1220673471,1220673471,0
2743,1129624605,1129624605,0
2744,476419832,476419832,0
2745,1415818249,1415818249,0
2746,154525577,154525577,0
2747,1428277116,1428277116,0
2748,175819270,175819270,1
2749,1928041762,1928041762,0
2750,253229946,253229946,0
2751,347274121,347274121,0
2752,1945217512,1945217512,0
2753,285604815,285604815,0
2754,308537690,308537690,0
2755,1606207884,1606207884,0
2756,231842839,231842839,0
2757,1880688040,1880688040,1
2758,1233893931,1233893931,0
2759,1084076010,1084076010,0
2760,1057419298,1057419298,1
2761,1165368110,1165368110,0
2762,276242318,276242318,0
2763,861592099,861592099,0
2764,632617777,632617777,0
2765,787425237,787425237,0
2766,1985169848,1985169848,0
2767,1404756291,1404756291,0
2768,1370732381,1370732381,0
2769,1735610899,1735610899,1
2770,1571042416,1571042416,0
2771,1294552993,1294552993,0
2772,859166805,859166805,0
2773,675603092,675603092,0
2774,1134085241,1134085241,0
2775,1146524430,1146524430,0
2776,1337339174,1337339174,0
2777,144300588,144300588,0
2778,691186275,691186275,1
2779,582991767,582991767,0
2780,674423144,674423144,0
2781,1134934475,1134934475,0
2782,630143892,630143892,0
2783,684289570,684289570,0
2784,618305160,618305160,0
2785,604108189,604108189,0
2786,568833929,568833929,0
2787,121107476,121107476,0
2788,794108813,794108813,1
2789,514880511,514880511,0
2790,582618471,582618471,0
2791,1741693451,1741693451,1
2792,1617444809,1617444809,0
2793,1974391042,1974391042,1
2794,659285245,659285245,0
2795,636582769,636582769,0
2796,1739341979,1739341979,0
2797,1946584645,1946584645,0
2798,1212280766,1212280766,0
2799,1461402532,1461402532,0
2800,124734248,124734248,1
2801,1065863726,1065863726,0
2802,188185140,188185140,0
2803,1967490498,1967490498,0
2804,1522885633,1522885633,1
2805,822237788,822237788,0
2806,451551661,451551661,0
2807,352337714,352337714,0
2808,1555298600,1555298600,0
2809,1570498091,1570498091,0
2810,418764114,418764114,1
2811,957105786,957105786,0
2812,1211022356,1211022356,0
2813,1521120696,1521120696,0
2814,1120239562,1120239562,0
2815,1527779858,1527779858,0
2816,977721689,977721689,0
2817,956231097,956231097,0
2818,979966030,979966030,0
2819,1002541340,1002541340,0
2820,1370183089,1370183089,0
2821,1533512177,1533512177,0
2822,1388260677,1388260677,0
2823,1830912475,1830912475,0
2824,1151030976,1151030976,0
2825,933005893,933005893,0
2826,932565313,932565313,0
2827,1106268625,1106268625,0
2828,175604322,175604322,0
2829,1503625890,1503625890,0
2830,1764483086,1764483086,0
2831,1798896603,1798896603,0
2832,1691773190,1691773190,0
2833,384742680,384742680,0
2834,1785174728,1785174728,0
2835,1701291559,1701291559,0
2836,567712658,567712658,1
2837,877987615,877987615,0
2838,1443335452,1443335452,0
2839,1488739206,1488739206,0
2840,1581470853,1581470853,0
2841,701154990,701154990,0
2842,1876686736,1876686736,1
2843,184848999,184848999,0
2844,312872208,312872208,0
2845,603397940,603397940,0
2846,1083154415,1083154415,0
2847,577164984,577164984,0
2848,806881401,806881401,0
2849,751411588,751411588,0
2850,808447119,808447119,0
2851,990386514,990386514,0
2852,1428510969,1428510969,0
2853,762574854,762574854,0
2854,1282681003,1282681003,0
2855,1433062286,1433062286,0
2856,236924372,236924372,0
2857,313239897,313239897,0
2858,852449014,852449014,0
2859,609751535,609751535,1
2860,505260955,505260955,0
2861,598785433,598785433,0
2862,678447119,678447119,0
2863,793483914,793483914,0
2864,815809568,815809568,0
2865,837680910,837680910,0
2866,1690445845,1690445845,0
2867,1446629707,1446629707,0
2868,1735547709,1735547709,0
2869,1771846444,1771846444,0
2870,1198249373,1198249373,0
2871,139152697,139152697,1
2872,686467213,686467213,0
2873,306180962,306180962,0
2874,621752001,621752001,0
2875,919408961,919408961,0
2876,844586387,844586387,0
2877,1099604792,1099604792,0
2878,513013367,513013367,0
2879,797847317,797847317,0
2880,135559899,135559899,1
2881,462861174,462861174,0
2882,1758045172,1758045172,0
2883,1901807995,1901807995,0
2884,1020508920,1020508920,0
2885,1955140439,1955140439,0
2886,1575287970,1575287970,0
2887,903001290,903001290,0
2888,1157513564,1157513564,0
2889,1013371285,1013371285,0
2890,1495566540,1495566540,0
2891,1283615550,1283615550,0
2892,1327879703,1327879703,0
2893,1449367209,1449367209,0
2894,1314799346,1314799346,0
2895,963052180,963052180,0
2896,194134978,194134978,0
2897,235685690,235685690,0
2898,1037917940,1037917940,0
2899,993728492,993728492,0
2900,1207982312,1207982312,0
2901,1154171354,1154171354,0
2902,850413258,850413258,0
2903,128886547,128886547,0
2904,464498298,464498298,0
2905,1934441532,1934441532,0
2906,1925062998,1925062998,0
2907,1658578080,1658578080,0
2908,750902993,750902993,0
2909,1677705523,1677705523,0
2910,1417146663,1417146663,0
2911,1518604985,1518604985,0
2912,1477897513,1477897513,1
2913,1497158460,1497158460,0
2914,1936765459,1936765459,0
2915,1022545809,1022545809,0
2916,1078183496,1078183496,0
2917,1557631850,1557631850,0
2918,302372774,302372774,0
2919,288101885,288101885,0
2920,1325060783,1325060783,0
2921,1172646905,1172646905,0
2922,1100439343,1100439343,0
2923,1056363935,1056363935,0
2924,987378645,987378645,0
2925,909715894,909715894,0
2926,1756905646,1756905646,0
2927,690995273,690995273,0
2928,132517454,132517454,0
2929,126779364,126779364,0
2930,1317221051,1317221051,0
2931,1873760074,1873760074,0
2932,696259020,696259020,0
2933,245306151,245306151,0
2934,761312907,761312907,0
2935,821366210,821366210,0
2936,1769067658,1769067658,0
2937,908506471,908506471,0
2938,1768242577,1768242577,0
2939,1745192892,1745192892,1
2940,1968355904,1968355904,0
2941,1015884021,1015884021,0
2942,1953791992,1953791992,0
2943,633980943,633980943,0
2944,507489152,507489152,0
2945,497978154,497978154,0
2946,748035713,748035713,0
2947,641187422,641187422,0
2948,1638251309,1638251309,0
2949,1886472837,1886472837,0
2950,696244565,696244565,0
2951,793264383,793264383,0
2952,1630817519,1630817519,0
2953,1536005128,1536005128,0
2954,1186613882,1186613882,0
2955,893608814,893608814,0
2956,984887609,984887609,0
2957,1160427377,1160427377,0
2958,1539172229,1539172229,0
2959,1093531279,1093531279,0
2960,1225136910,1225136910,0
2961,1259131255,1259131255,0
2962,289950633,289950633,0
2963,1627446275,1627446275,0
2964,1639571160,1639571160,0
2965,1276833636,1276833636,0
2966,180336475,180336475,0
2967,203153224,203153224,0
2968,892341344,892341344,0
2969,1353917135,1353917135,1
2970,1310791349,1310791349,0
2971,1444922844,1444922844,0
2972,240590558,240590558,0
2973,1781230175,1781230175,0
2974,1781899234,1781899234,0
2975,1287434724,1287434724,0
2976,1805739288,1805739288,0
2977,1834438077,1834438077,0
2978,1792954433,1792954433,0
2979,492615826,492615826,0
2980,1008218749,1008218749,0
2981,1046473812,1046473812,0
2982,1945684949,1945684949,0
2983,981853902,981853902,0
2984,931367565,931367565,0
2985,1117054986,1117054986,0
2986,824036970,824036970,0
2987,537442986,537442986,0
2988,554158469,554158469,0
2989,526747217,526747217,0
2990,843961386,843961386,0
2991,171867719,171867719,0
2992,1734613600,1734613600,0
2993,867266725,867266725,0
2994,1943632319,1943632319,0
2995,323042556,323042556,0
2996,392351982,392351982,0
2997,974026187,974026187,1
2998,1897435808,1897435808,0
2999,1891581406,1891581406,1
